{
    "accuracy": 0.8858695652173914,
    "precision": 0.8715596330275229,
    "recall": 0.9313725490196079,
    "f1": 0.9004739336492891,
    "roc_auc": 0.9296987087517934
}