{
    "accuracy": 0.875,
    "precision": 0.8761904761904762,
    "recall": 0.9019607843137255,
    "f1": 0.8888888888888888,
    "roc_auc": 0.9306551889048302
}