{
    "accuracy": 0.8586956521739131,
    "precision": 0.8725490196078431,
    "recall": 0.8725490196078431,
    "f1": 0.8725490196078431,
    "roc_auc": 0.9219273075083692
}